,sample_id,residues
0,A.29,Y144fs
1,AV.1,Y144del
2,AY.1,"E156G,R158.0del"
3,AY.10,"E156G,R158.0del"
4,AY.100,"E156G,R158.0del"
5,AY.101,"E156G,R158.0del"
6,AY.102,"E156G,R158.0del"
7,AY.103,"E156G,R158.0del"
8,AY.103.1,"E156G,R158.0del"
9,AY.104,"E156G,R158.0del"
10,AY.105,"E156G,R158.0del"
11,AY.106,"E156G,R158.0del"
12,AY.107,"E156G,R158.0del"
13,AY.108,"E156G,R158.0del"
14,AY.109,"E156G,R158.0del"
15,AY.11,"E156G,R158.0del"
16,AY.110,"E156G,R158.0del"
17,AY.111,"E156G,R158.0del"
18,AY.113,"E156G,R158.0del"
19,AY.114,"E156G,R158.0del"
20,AY.116,"E156G,R158.0del"
21,AY.116.1,"E156G,R158.0del"
22,AY.117,"E156G,R158.0del"
23,AY.118,"E156G,R158.0del"
24,AY.119,"E156G,R158.0del"
25,AY.119.1,"E156G,R158.0del"
26,AY.119.2,"E156G,R158.0del"
27,AY.120,"E156G,R158.0del"
28,AY.120.1,"E156G,R158.0del"
29,AY.120.2,"E156G,R158.0del"
30,AY.120.2.1,"E156G,R158.0del"
31,AY.121,"E156G,R158.0del"
32,AY.121.1,"E156G,R158.0del"
33,AY.122,"E156G,R158.0del"
34,AY.122.1,"E156G,R158.0del"
35,AY.122.2,"E156G,R158.0del"
36,AY.122.4,"E156G,R158.0del"
37,AY.122.5,"E156G,R158.0del"
38,AY.122.6,"E156G,R158.0del"
39,AY.124,"E156G,R158.0del"
40,AY.124.1,"E156G,R158.0del"
41,AY.124.1.1,"E156G,R158.0del"
42,AY.125,"E156G,R158.0del"
43,AY.126,"E156G,R158.0del"
44,AY.127,"E156G,R158.0del"
45,AY.127.1,"E156G,R158.0del"
46,AY.128,"E156G,R158.0del"
47,AY.129,"E156G,R158.0del"
48,AY.13,"E156G,R158.0del"
49,AY.131,"E156G,R158.0del"
50,AY.133,"N17K,E156G,R158.0del"
51,AY.14,"E156G,R158.0del"
52,AY.15,"E156G,R158.0del"
53,AY.16,"Y144del,E156G,R158.0del"
54,AY.16.1,"E156G,R158.0del"
55,AY.17,"E156G,R158.0del"
56,AY.2,"E156G,R158.0del"
57,AY.20,"E156G,R158.0del"
58,AY.20.1,"E156G,R158.0del"
59,AY.22,"E156G,R158.0del"
60,AY.23,"E156G,R158.0del"
61,AY.23.1,"E156G,R158.0del"
62,AY.23.2,"E156G,R158.0del"
63,AY.24,"E156G,R158.0del"
64,AY.25,"E156G,R158.0del"
65,AY.25.1,"E156G,R158.0del"
66,AY.25.1.1,"E156G,R158.0del"
67,AY.25.1.2,"E156G,R158.0del"
68,AY.25.2,"E156G,R158.0del"
69,AY.25.3,"E156G,R158.0del"
70,AY.26,"E156G,R158.0del"
71,AY.27,"E156G,R158.0del"
72,AY.28,"E156G,R158.0del"
73,AY.29,"E156G,R158.0del"
74,AY.29.1,"E156G,R158.0del"
75,AY.29.2,"E156G,R158.0del"
76,AY.3,"E156G,R158.0del"
77,AY.3.1,"E156G,R158.0del"
78,AY.3.3,"E156G,R158.0del"
79,AY.3.4,"E156G,R158.0del"
80,AY.30,"E156G,R158.0del"
81,AY.31,"E156G,R158.0del"
82,AY.32,"E156G,R158.0del"
83,AY.33,"E156G,R158.0del,T250I"
84,AY.33.1,"E156G,R158.0del,T250I"
85,AY.33.2,"E156G,R158.0del,T250I"
86,AY.34,"E156G,R158.0del"
87,AY.34.1,"E156G,R158.0del"
88,AY.34.1.1,"E156G,R158.0del"
89,AY.34.2,"E156G,R158.0del"
90,AY.35,"E156G,R158.0del"
91,AY.36,"E156G,R158.0del"
92,AY.36.1,"E156G,R158.0del"
93,AY.37,"E156G,R158.0del"
94,AY.38,"E156G,R158.0del,T250S"
95,AY.39,"E156G,R158.0del"
96,AY.39.1,"E156G,R158.0del"
97,AY.39.1.1,"E156G,R158.0del"
98,AY.39.2,"E156G,R158.0del"
99,AY.39.3,"E156G,R158.0del"
100,AY.4,"E156G,R158.0del"
101,AY.4.1,"E156G,R158.0del"
102,AY.4.10,"E156G,R158.0del"
103,AY.4.11,"E156G,R158.0del"
104,AY.4.12,"E156G,R158.0del"
105,AY.4.13,"E156G,R158.0del"
106,AY.4.2,"Y145H,E156G,R158.0del"
107,AY.4.2.1,"Y145H,E156G,R158.0del"
108,AY.4.2.2,"Y145H,E156G,R158.0del"
109,AY.4.2.3,"Y145H,E156G,R158.0del"
110,AY.4.2.4,"Y145H,E156G,R158.0del"
111,AY.4.2.5,"Y145H,E156G,R158.0del"
112,AY.4.3,"E156G,R158.0del"
113,AY.4.4,"E156G,R158.0del"
114,AY.4.5,"E156G,R158.0del"
115,AY.4.6,"E156G,R158.0del"
116,AY.4.7,"E156G,R158.0del"
117,AY.4.8,"E156G,R158.0del"
118,AY.4.9,"E156G,R158.0del"
119,AY.41,"E156G,R158.0del"
120,AY.42,"E156G,R158.0del"
121,AY.43,"E156G,R158.0del"
122,AY.43.1,"E156G,R158.0del"
123,AY.43.2,"E156G,R158.0del"
124,AY.43.3,"E156G,R158.0del"
125,AY.43.4,"E156G,R158.0del"
126,AY.43.7,"E156G,R158.0del"
127,AY.43.8,"E156G,R158.0del"
128,AY.43.9,"E156G,R158.0del"
129,AY.44,"E156G,R158.0del"
130,AY.45,"E156G,R158.0del"
131,AY.46,"E156G,R158.0del"
132,AY.46.1,"E156G,R158.0del"
133,AY.46.2,"E156G,R158.0del"
134,AY.46.3,"E156G,R158.0del"
135,AY.46.4,"E156G,R158.0del"
136,AY.46.5,"E156G,R158.0del"
137,AY.46.6,"E156G,R158.0del"
138,AY.47,"E156G,R158.0del"
139,AY.49,"E156G,R158.0del"
140,AY.5,"E156G,R158.0del"
141,AY.5.1,"E156G,R158.0del"
142,AY.5.2,"E156G,R158.0del"
143,AY.5.3,"E156G,R158.0del"
144,AY.5.4,"E156G,R158.0del"
145,AY.5.5,"E156G,R158.0del"
146,AY.5.6,"E156G,R158.0del"
147,AY.50,"E156G,R158.0del"
148,AY.51,"E156G,R158.0del"
149,AY.52,"E156G,R158.0del"
150,AY.53,"E156G,R158.0del"
151,AY.54,"E156G,R158.0del"
152,AY.55,"E156G,R158.0del"
153,AY.57,"E156G,R158.0del"
154,AY.58,"E156G,R158.0del"
155,AY.59,"E156G,R158.0del"
156,AY.6,"E156G,R158.0del"
157,AY.60,"E156G,R158.0del"
158,AY.61,"E156G,R158.0del"
159,AY.62,"E156G,R158.0del"
160,AY.64,"E156G,R158.0del"
161,AY.65,"E156G,R158.0del"
162,AY.66,"E156G,R158.0del"
163,AY.67,"E156G,R158.0del"
164,AY.68,D253A
165,AY.69,"E156G,R158.0del"
166,AY.7,"E156G,R158.0del"
167,AY.7.1,"E156G,R158.0del"
168,AY.7.2,"E156G,R158.0del"
169,AY.70,"E156G,R158.0del"
170,AY.71,"E156G,R158.0del"
171,AY.72,"E156G,R158.0del"
172,AY.73,"E156G,R158.0del"
173,AY.74,"E156G,R158.0del"
174,AY.75,"E156G,R158.0del"
175,AY.76,"E156G,R158.0del"
176,AY.77,"E156G,R158.0del"
177,AY.78,"E156G,R158.0del"
178,AY.79,"E156G,R158.0del"
179,AY.8,"E156G,R158.0del"
180,AY.80,"E156G,R158.0del"
181,AY.81,"E156G,R158.0del"
182,AY.83,"E156G,R158.0del"
183,AY.84,"E156G,R158.0del"
184,AY.85,"E156G,R158.0del"
185,AY.87,"E156G,R158.0del"
186,AY.88,"E156G,R158.0del"
187,AY.9,"E156G,R158.0del"
188,AY.9.2,"E156G,R158.0del"
189,AY.90,"E156G,R158.0del"
190,AY.91,"E156G,R158.0del"
191,AY.92,"E156G,R158.0del"
192,AY.94,"E156G,R158.0del"
193,AY.95,"E156G,R158.0del"
194,AY.98,"E156G,R158.0del"
195,AY.98.1,"E156G,R158.0del,P251L"
196,AY.98.1.1,"E156G,R158.0del,P251L"
197,AY.99,"E156G,R158.0del"
198,AY.99.1,"E156G,R158.0del"
199,AY.99.2,"E156G,R158.0del"
200,AZ.2,Y144del
201,AZ.4,Y144del
202,B.1.1.249,P251L
203,B.1.1.318,Y144del
204,B.1.1.523,"E156del,R158.0del"
205,B.1.1.525,Y144del
206,B.1.1.529,"Y144.0del,Y145.0del"
207,B.1.1.7,Y144del
208,B.1.177.84,W152R
209,B.1.289,H245Y
210,B.1.308,W152L
211,B.1.313,D253G
212,B.1.415.1,R246T
213,B.1.426,D253G
214,B.1.427,W152C
215,B.1.429,W152C
216,B.1.525,Y144del
217,B.1.526,D253G
218,B.1.550,D253G
219,B.1.551,S254F
220,B.1.617,E154K
221,B.1.617.1,E154K
222,B.1.617.2,"E156G,R158.0del"
223,B.1.620,"Y144del,H245Y"
224,B.1.621,"Y144S,Y145N"
225,B.1.621.1,"Y144S,Y145N"
226,B.1.630,Y144del
227,B.1.631,R158S
228,B.1.632,G252V
229,B.1.635,Y144.0del
230,B.1.636,N148T
231,B.1.637,Y144del
232,B.1.637.1,"Y144del,H245.0del,R246.0del,S247.0del"
233,B.1.640.1,Y144.0del
234,B.1.77,S247G
235,B.4.8,R158G
236,BA.1,"Y144.0del,Y145.0del"
237,BA.1.1,"Y144.0del,Y145.0del"
238,BA.1.1.1,"Y144.0del,Y145.0del"
239,BA.1.1.10,"Y144.0del,Y145.0del"
240,BA.1.1.11,"Y144.0del,Y145.0del"
241,BA.1.1.12,"Y144.0del,Y145.0del"
242,BA.1.1.13,"Y144.0del,Y145.0del"
243,BA.1.1.14,"Y144.0del,Y145.0del"
244,BA.1.1.15,"Y144.0del,Y145.0del"
245,BA.1.1.16,"Y144.0del,Y145.0del"
246,BA.1.1.17,"Y144.0del,Y145.0del"
247,BA.1.1.18,"Y144.0del,Y145.0del"
248,BA.1.1.2,"Y144.0del,Y145.0del"
249,BA.1.1.4,"Y144.0del,Y145.0del"
250,BA.1.1.6,"Y144.0del,Y145.0del"
251,BA.1.1.7,"Y144.0del,Y145.0del"
252,BA.1.1.8,"Y144.0del,Y145.0del"
253,BA.1.1.9,"Y144.0del,Y145.0del"
254,BA.1.10,"Y144.0del,Y145.0del"
255,BA.1.12,"Y144.0del,Y145.0del"
256,BA.1.13,"Y144.0del,Y145.0del"
257,BA.1.13.1,"Y144.0del,Y145.0del"
258,BA.1.14,"Y144.0del,Y145.0del"
259,BA.1.14.1,"Y144.0del,Y145.0del"
260,BA.1.14.2,"Y144.0del,Y145.0del"
261,BA.1.15,"Y144.0del,Y145.0del"
262,BA.1.15.1,"Y144.0del,Y145.0del"
263,BA.1.15.2,"Y144.0del,Y145.0del"
264,BA.1.15.3,"Y144.0del,Y145.0del"
265,BA.1.16,"Y144.0del,Y145.0del"
266,BA.1.16.1,"Y144.0del,Y145.0del"
267,BA.1.16.2,"Y144.0del,Y145.0del"
268,BA.1.17,"Y144.0del,Y145.0del"
269,BA.1.17.2,"Y144.0del,Y145.0del"
270,BA.1.18,"Y144.0del,Y145.0del"
271,BA.1.19,"Y144.0del,Y145.0del"
272,BA.1.20,"Y144.0del,Y145.0del"
273,BA.1.21,"Y144.0del,Y145.0del"
274,BA.1.21.1,"Y144.0del,Y145.0del"
275,BA.1.3,"Y144.0del,Y145.0del"
276,BA.1.4,"Y144.0del,Y145.0del"
277,BA.1.5,"Y144.0del,Y145.0del"
278,BA.1.6,"Y144.0del,Y145.0del"
279,BA.1.7,"Y144.0del,Y145.0del"
280,BA.1.8,"Y144.0del,Y145.0del"
281,BA.1.9,"Y144.0del,Y145.0del"
282,BA.2.10.4,Y144.0del
283,BA.2.2.1,"Y144.0del,Y145.0del"
284,BA.2.20,N148T
285,BA.2.3.20,H245N
286,BA.2.38.1,"S247N,Y248S"
287,BA.2.47,Y248H
288,BA.2.48,Y248S
289,BA.2.54,Y248S
290,BA.2.75,"K147E,W152R"
291,BA.2.75.1,"K147E,W152R"
292,BA.2.75.10,"K147E,W152R"
293,BA.2.75.2,"K147E,W152R"
294,BA.2.75.3,"K147E,W152R"
295,BA.2.75.4,"K147E,W152R"
296,BA.2.75.5,"K147E,W152R"
297,BA.2.75.6,"K147E,W152R"
298,BA.2.75.7,"K147E,W152R"
299,BA.2.76,Y248N
300,BA.2.79,Y248S
301,BA.2.86,"Y144del,R158.0G,H245N"
302,BA.2.86.1,"Y144del,R158.0G,H245N"
303,BA.2.86.2,"Y144del,R158.0G,H245N"
304,BA.2.86.3,"Y144del,R158.0G,H245N"
305,BA.2.86.4,"Y144del,R158.0G,H245N"
306,BA.2.86.5,"Y144del,R158.0G,H245N"
307,BA.2.86.6,"Y144del,R158.0G,H245N"
308,BA.3,"Y144.0del,Y145.0del"
309,BA.3.1,"Y144.0del,Y145.0del"
310,BA.4.6.1,W152L
311,BA.4.6.3,Y144del
312,BA.5.1.37,Y248N
313,BA.5.2.23,Y145H
314,BA.5.2.29,"Y145del,H146.0del"
315,BA.5.2.37,Y145H
316,BA.5.2.43,K147Q
317,BA.5.2.63,Y144del
318,BA.5.6.3,H146Y
319,BC.1,"Y144.0del,Y145.0del"
320,BD.1,"Y144.0del,Y145.0del"
321,BE.4.1.1,Y144del
322,BE.9,Y144del
323,BF.11.2,K147N
324,BF.15,Y248H
325,BF.23,Y144del
326,BF.31.1,"S247N,Y248.0del"
327,BF.5.5,K147N
328,BF.7.5.1,Y144del
329,BH.1,Y144del
330,BL.1,"K147E,W152R"
331,BL.1.4,"K147E,W152R"
332,BL.2,"K147E,W152R"
333,BL.4,"K147E,W152R"
334,BL.6,"K147E,W152R"
335,BM.1,"K147E,W152R"
336,BM.1.1,"K147E,W152R"
337,BM.1.1.1,"K147E,W152R"
338,BM.1.1.3,"K147E,W152R"
339,BM.1.1.4,"K147E,W152R"
340,BM.1.1.5,"K147E,W152R"
341,BM.2,"K147E,W152R"
342,BM.2.1,"K147E,W152R"
343,BM.4.1,"K147E,W152R"
344,BM.4.1.1,"K147E,W152R"
345,BM.5,"K147E,W152R"
346,BN.1,"K147E,W152R"
347,BN.1.1,"K147E,W152R"
348,BN.1.1.1,"K147E,W152R"
349,BN.1.10,"Y145H,K147E,W152R"
350,BN.1.2,"K147E,W152R"
351,BN.1.2.1,"K147E,W152R"
352,BN.1.2.2,"K147E,W152R"
353,BN.1.2.3,"K147E,W152R"
354,BN.1.2.4,"K147E,W152R"
355,BN.1.2.5,"K147E,W152R"
356,BN.1.2.6,"K147E,W152R"
357,BN.1.3,"K147E,W152R"
358,BN.1.3.1,"K147E,W152R"
359,BN.1.3.11,"K147E,W152R"
360,BN.1.3.12,"K147E,W152R"
361,BN.1.3.2,"K147E,W152R"
362,BN.1.3.3,"K147Q,W152R"
363,BN.1.3.5,"K147E,W152R"
364,BN.1.3.6,"K147E,W152R"
365,BN.1.3.7,"K147E,W152R"
366,BN.1.3.8,"K147E,W152R"
367,BN.1.3.9,"K147E,W152R"
368,BN.1.4,"K147E,W152R"
369,BN.1.4.1,"K147E,W152R"
370,BN.1.4.2,"K147E,W152R"
371,BN.1.4.3,"K147E,W152R"
372,BN.1.4.5,"K147E,W152R"
373,BN.1.5,"K147E,W152R"
374,BN.1.5.2,"K147E,W152R"
375,BN.1.7,"K147E,W152R"
376,BN.1.8,"K147E,W152R"
377,BN.1.9,"K147E,W152R"
378,BN.2,"K147E,W152R"
379,BN.2.1,"K147E,W152R"
380,BN.3,"K147E,W152R"
381,BN.3.1,"K147E,W152R"
382,BN.5,"K147E,W152R"
383,BN.6,"K147E,W152R"
384,BQ.1.1.10,Y144del
385,BQ.1.1.13,Y144del
386,BQ.1.1.2,D253G
387,BQ.1.1.20,Y144del
388,BQ.1.1.21,Y144del
389,BQ.1.1.22,Y144del
390,BQ.1.1.24,Y144del
391,BQ.1.1.25,Y144del
392,BQ.1.1.26,Y144del
393,BQ.1.1.28,P251L
394,BQ.1.1.31,"Y144del,S256L"
395,BQ.1.1.32,Y144del
396,BQ.1.1.34,Y144del
397,BQ.1.1.35,K147E
398,BQ.1.1.38,P251L
399,BQ.1.1.39,P251L
400,BQ.1.1.42,Y144del
401,BQ.1.1.44,D253G
402,BQ.1.1.45,Y248D
403,BQ.1.1.46,Y144del
404,BQ.1.1.47,K147I
405,BQ.1.1.48,H245N
406,BQ.1.1.55,Y144del
407,BQ.1.1.57,S256A
408,BQ.1.1.58,Y144del
409,BQ.1.1.59,Y144del
410,BQ.1.1.63,Y248H
411,BQ.1.1.65,K147I
412,BQ.1.1.66,K147N
413,BQ.1.1.72,Y144del
414,BQ.1.1.77,Y144del
415,BQ.1.10.1,H146L
416,BQ.1.10.3,K147E
417,BQ.1.11.1,Y144del
418,BQ.1.13.1,Y144del
419,BQ.1.18,Y144del
420,BQ.1.2.1,Y144del
421,BQ.1.21,Y144del
422,BQ.1.23,Y144del
423,BQ.1.26,Y144del
424,BQ.1.26.1,Y144del
425,BQ.1.31,K147E
426,BQ.1.32,Y248S
427,BQ.1.8,Y144del
428,BQ.1.8.2,Y144del
429,BR.1,"K147E,W152R"
430,BR.1.2,"K147E,W152R,E156Q"
431,BR.2,"K147E,W152R"
432,BR.2.1,"K147E,W152R"
433,BR.3,"K147E,W152R"
434,BR.4,"K147E,W152R"
435,BR.5,"K147E,W152R"
436,BU.1,Y144del
437,BU.3,K147N
438,BV.1,P251H
439,BW.1,Y144del
440,BW.1.1,Y144del
441,BW.1.1.1,Y144del
442,BW.1.1.2,Y144del
443,BW.1.2,Y144del
444,BY.1,"K147E,W152R"
445,BY.1.1.1,"K147E,W152R"
446,BY.1.2,"K147E,W152R"
447,C.1.2,Y144del
448,C.36.3,W152R
449,C.36.3.1,W152R
450,C.37,"R246N,S247.0del,Y248.0del,L249.0del,T250.0del,P251.0del,G252.0del,D253.0del"
451,C.37.1,"R246N,S247.0del,Y248.0del,L249.0del,T250.0del,P251.0del,G252.0del,D253.0del"
452,CA.1,"K147E,W152R"
453,CA.2,"K147E,W152R"
454,CA.3,"K147E,W152R"
455,CA.3.1,"K147E,W152R"
456,CA.5,"K147E,W152R"
457,CA.6,"K147E,W152R"
458,CA.7,"K147E,W152R"
459,CB.1,"K147E,W152R"
460,CH.1,"K147E,W152R"
461,CH.1.1,"K147E,W152R"
462,CH.1.1.1,"K147E,W152R"
463,CH.1.1.10,"K147E,W152R"
464,CH.1.1.11,"K147E,W152R"
465,CH.1.1.12,"K147E,W152R"
466,CH.1.1.13,"K147E,W152R"
467,CH.1.1.14,"K147E,W152R"
468,CH.1.1.15,"K147E,W152R"
469,CH.1.1.16,"K147E,W152R"
470,CH.1.1.18,"K147E,W152R"
471,CH.1.1.19,"K147E,W152R"
472,CH.1.1.2,"K147E,W152R"
473,CH.1.1.20,"K147E,W152R"
474,CH.1.1.21,"K147E,W152R"
475,CH.1.1.23,"K147E,W152R"
476,CH.1.1.24,"K147E,W152R"
477,CH.1.1.25,"K147E,W152R"
478,CH.1.1.26,"K147E,W152R"
479,CH.1.1.27,"K147E,W152R"
480,CH.1.1.28,"K147E,W152R"
481,CH.1.1.3,"K147E,W152R"
482,CH.1.1.30,"K147E,W152R"
483,CH.1.1.32,"K147E,W152R"
484,CH.1.1.5,"K147E,W152R"
485,CH.1.1.6,"K147E,W152R"
486,CH.1.1.7,"K147E,W152R"
487,CH.1.1.8,"K147E,W152R"
488,CH.1.1.9,"K147E,W152R"
489,CJ.1,"K147E,W152R"
490,CJ.1.1,"K147E,W152R"
491,CJ.1.2,"K147E,W152R"
492,CJ.1.3,"K147E,W152R"
493,CK.1,Y144del
494,CK.1.3,Y144del
495,CK.1.4,Y144del
496,CK.1.5,Y144del
497,CM.1,"N17S,H245N"
498,CM.10,H245N
499,CM.11,H245N
500,CM.12,H245N
501,CM.2,H245N
502,CM.3,H245N
503,CM.4,H245N
504,CM.4.1,H245N
505,CM.5,H245N
506,CM.5.2,H245N
507,CM.6,H245N
508,CM.6.1,H245N
509,CM.7,H245N
510,CM.8.1,H245N
511,CM.8.1.3,H245N
512,CM.8.1.4,H245N
513,CM.9,"H245N,S256L"
514,CP.1,Y144del
515,CP.1.3,Y144del
516,CP.2,Y144del
517,CQ.1,Y144del
518,CQ.1.1,Y144del
519,CQ.2,Y144del
520,CR.1.1,Y144del
521,CR.2,Y145H
522,CT.1,Y144del
523,CV.1,"K147E,W152R"
524,CV.2,"K147E,W152R"
525,DE.2,Y144del
526,DF.1,Y144del
527,DF.1.1,Y144del
528,DG.1,G252S
529,DJ.1.1,Y144del
530,DJ.1.1.1,K147N
531,DN.1,K147N
532,DN.1.1,K147N
533,DN.1.1.1,K147N
534,DN.1.1.2,K147N
535,DN.1.1.3,K147N
536,DN.1.1.4,K147N
537,DQ.1,K147N
538,DR.1,Y144del
539,DS.1,"K147E,W152R"
540,DS.2,"K147E,W152R"
541,DS.3,"K147E,W152R"
542,DT.1,Y144del
543,DT.2,Y144del
544,DT.3,Y144del
545,DU.1,D253G
546,DV.1,"K147E,W152R"
547,DV.1.1,"K147E,W152R"
548,DV.2,"K147E,W152R"
549,DV.3,"K147E,W152R"
550,DV.3.1,"K147E,W152R"
551,DV.5,"K147E,W152R"
552,DV.6,"K147E,W152R"
553,DV.6.1,"K147E,W152R"
554,DV.6.2,"K147E,W152R"
555,DV.7,"K147E,W152R"
556,DV.7.1,"K147E,W152R"
557,DV.7.1.1,"K147E,W152R"
558,DV.7.1.2,"K147E,W152R"
559,DV.7.1.3,"K147E,W152R"
560,DV.7.1.4,"K147E,W152R"
561,DV.7.1.5,"K147E,W152R"
562,DV.7.1.6,"K147E,W152R"
563,DV.7.1.7,"K147E,W152R"
564,DV.7.2,"K147E,W152R"
565,DY.1.1,K147E
566,EC.1,H146L
567,EC.1.1,"Y144del,H146L"
568,EE.2,Y144del
569,EE.4,Y144del
570,EF.1,Y144del
571,EF.1.1,Y144del
572,EF.1.1.1,Y144del
573,EF.1.2,Y144del
574,EF.1.3,Y144del
575,EF.2,Y144del
576,EF.3,Y144del
577,EG.1,"Y144del,H146Q,G252V"
578,EG.1.2,"Y144del,H146Q"
579,EG.1.3,"Y144del,H146Q"
580,EG.1.4,"Y144del,H146Q,G252V"
581,EG.1.5,"Y144del,H146Q,G252V"
582,EG.1.6,"Y144del,H146Q"
583,EG.10,"Y144del,H146Q,G252V"
584,EG.10.1,"Y144del,H146Q,G252V"
585,EG.10.1.1,"Y144del,H146Q,G252V"
586,EG.13,"Y144del,H146Q,G252V"
587,EG.14,"Y144del,H146Q,G252V"
588,EG.2,"Y144del,H146Q,G252V"
589,EG.3,"Y144del,H146Q"
590,EG.4,H146Q
591,EG.4.4,"Y144del,H146Q,G252V"
592,EG.4.5,"Y144del,H146Q,G252V"
593,EG.5,"Y144del,H146Q,G252V"
594,EG.5.1,"Y144del,H146Q,G252V"
595,EG.5.1.1,"Y144del,H146Q,G252V"
596,EG.5.1.10,"Y144del,H146Q,G252V"
597,EG.5.1.12,"Y144del,H146Q,G252V"
598,EG.5.1.13,"Y144del,H146Q,G252V"
599,EG.5.1.14,"Y144del,H146Q,G252V"
600,EG.5.1.15,"Y144del,H146Q,G252V"
601,EG.5.1.16,"Y144del,H146Q,G252V"
602,EG.5.1.19,"Y144del,H146Q,G252V"
603,EG.5.1.2,"Y144del,H146Q,G252V"
604,EG.5.1.3,"Y144del,H146Q,G252V"
605,EG.5.1.4,"Y144del,H146Q,G252V"
606,EG.5.1.5,"Y144del,H146Q,G252V"
607,EG.5.1.6,"Y144del,H146Q,G252V"
608,EG.5.1.7,"Y144del,H146Q,G252V"
609,EG.5.1.8,"Y144del,H146Q,G252V"
610,EG.5.1.9,"Y144del,H146Q,G252V"
611,EG.5.2,"Y144del,H146Q,G252V"
612,EG.5.2.1,"Y144del,H146Q,G252V"
613,EG.5.2.3,"Y144del,H146Q,G252V"
614,EG.5.2.4,"Y144del,H146Q"
615,EG.6,"Y144del,H146Q"
616,EG.6.1,"Y144del,H146Q,G252V"
617,EG.6.1.1,"Y144del,H146Q,G252V"
618,EG.6.1.2,"Y144del,H146Q,G252V"
619,EG.7,"Y144del,H146Q,G252V"
620,EG.8,H146Q
621,EG.9,"Y144del,H146Q,G252V"
622,EG.9.1,"Y144del,H146Q,G252V"
623,EH.1,"S247N,Y248S,P251L"
624,EJ.1,"K147E,W152R"
625,EJ.2,"K147E,W152R"
626,EK.2.1,"Y144del,H146Q,G252V"
627,EK.3,"Y144del,H146Q,P251S,G252V"
628,EL.1,"Y144del,H146Q,G252V"
629,EM.1,"Y144del,H146Q"
630,EN.1,Y144del
631,EQ.1,Q14H
632,ER.1,"Y144del,S256P"
633,ER.1.1,S256P
634,ES.1,K147I
635,ET.1,K147E
636,EU.1,"Y144del,H146Q"
637,EU.1.1,"Y144del,H146Q,G252V"
638,EU.1.1.1,"Y144del,H146Q,G252V"
639,EU.1.1.3,"Y144del,H146Q,G252V"
640,EW.2,P251L
641,EY.1,Y144del
642,EZ.1,"S247N,Y248S"
643,FA.1,Y144del
644,FB.1,"Y144del,D253G"
645,FB.2,Y144del
646,FD.1,H146Q
647,FD.1.1,"Y144del,H146Q,G252V"
648,FD.2,"Y144del,H146N,H146Q"
649,FD.4,"Y144del,H146Q"
650,FD.4.1,"Y144del,H146Q"
651,FE.1,"Y144del,H146Q,G252V"
652,FE.1.1,"Y144del,H146Q,G252V"
653,FE.1.1.1,"Y144del,H146Q,G252V"
654,FE.1.2,"Y144del,H146Q,G252V"
655,FF.1,"Y144del,S256L"
656,FG.3,"Y144del,H146Q"
657,FH.1,"Y144del,H146Q"
658,FJ.1,"K147E,W152R"
659,FK.1,"K147E,W152R"
660,FK.1.1,"K147E,W152R"
661,FK.1.1.2,"K147E,W152R"
662,FK.1.2,"K147E,W152R"
663,FK.1.2.1,"K147E,W152R"
664,FK.1.2.2,"K147E,W152R"
665,FK.1.3,"K147E,W152R"
666,FK.1.3.2,"K147E,W152R"
667,FK.1.5,"K147E,W152R"
668,FL.1,"Y144del,H146Q,G252V"
669,FL.1.1,"Y144del,H146Q,G252V"
670,FL.1.2,"Y144del,H146Q,G252V"
671,FL.1.3,"Y144del,H146Q,G252V"
672,FL.1.5,"Y144del,H146Q,G252V"
673,FL.1.5.1,"Y144del,H146Q,G252V"
674,FL.1.8,"Y144del,H146Q,G252V"
675,FL.10,"Y144del,H146Q"
676,FL.10.1,"Y144del,H146Q,G252V"
677,FL.11,"Y144del,H146Q,G252V"
678,FL.12,"Y144del,H146Q,G252V"
679,FL.13,"Y144del,H146Q"
680,FL.13.2,"Y144del,H146Q,G252V"
681,FL.13.3,H146Q
682,FL.13.3.1,"H146Q,E154Q"
683,FL.14,"Y144del,H146Q,G252V"
684,FL.15,"Y144del,H146Q,G252V"
685,FL.15.1.1,"Y144del,H146Q,G252V"
686,FL.15.2,"Q14H,Y144del,H146Q,G252V"
687,FL.15.3,"Y144del,H146Q,G252V"
688,FL.15.4,"Q14H,Y144del,H146Q,G252V"
689,FL.16,"Y144del,H146Q,G252V"
690,FL.17,"Y144del,H146Q"
691,FL.17.2,"Y144del,H146Q,G252V"
692,FL.18,"Y144del,H146Q"
693,FL.19,"Y144del,H146Q,G252V"
694,FL.19.1,"Y144del,H146Q,G252V"
695,FL.2,"Y144del,H146Q"
696,FL.2.1,"Y144del,H146Q,G252V"
697,FL.2.2.1,"Y144del,H146Q,G252V"
698,FL.2.3,"Y144del,H146Q,G252V"
699,FL.2.5,H146Q
700,FL.2.6,"Y144del,H146Q"
701,FL.2.7,"Y144del,H146Q"
702,FL.2.7.1,"H146Q,G252V"
703,FL.20,"Y144del,H146Q,G252V"
704,FL.20.1,"Y144del,H146Q,G252V"
705,FL.20.2,"Y144del,H146Q,G252V"
706,FL.21,"Y144del,H146Q,G252V"
707,FL.22,"Y144del,H146Q,G252V"
708,FL.23,"Y144del,H146Q"
709,FL.24,"Y144del,H146Q,G252V"
710,FL.24.1,"Y144del,H146Q,G252V"
711,FL.25,"Y144del,H146Q,G252V"
712,FL.26,"Y144del,H146Q"
713,FL.27,"Y144del,H146Q"
714,FL.29,"Y144del,H146Q,G252V"
715,FL.3,"Y144del,H146Q"
716,FL.3.1,"Y144del,H146Q"
717,FL.3.2,"Y144del,H146Q,G252V"
718,FL.3.3,"Y144del,H146Q"
719,FL.3.4,H146Q
720,FL.30.1,"Y144del,H146Q,G252V"
721,FL.31,"Y144del,H146Q,G252V"
722,FL.31.1,"H146N,H146Q,G252V"
723,FL.33,"Y144del,H146Q,G252V"
724,FL.35,"Y144del,H146Q"
725,FL.36,"Y144del,H146Q,G252V"
726,FL.4,"Y144del,H146Q,G252V"
727,FL.4.5,"Y144del,H146Q,G252V"
728,FL.4.6,"Y144del,H146Q,G252V"
729,FL.4.9,"Y144del,H146Q"
730,FL.40,"Y144del,H146Q,G252V"
731,FL.5,"Y144del,H146Q"
732,FL.7,"Y144del,H146Q"
733,FL.8,"Y144del,H146Q"
734,FL.9,"Y144del,H146Q"
735,FM.1,Y144del
736,FP.4,"Y144del,H146Q,G252V"
737,FR.1,"K147E,W152R"
738,FR.1.5,"K147E,W152R"
739,FS.1,"K147E,W152R"
740,FT.3.1,"Y144del,H146Q,G252V"
741,FT.3.1.1,"H146Q,G252V"
742,FU.1,"Y144del,H146Q,G252V"
743,FU.2,"Y144del,H146Q,G252V"
744,FU.2.1,"Y144del,H146Q,G252V"
745,FU.3,"Y144del,H146Q,G252V"
746,FU.5,"H146Q,E156Q,G252V"
747,FV.1,"K147N,H245N"
748,FW.1,"Y144del,H146Q,G252V"
749,FW.1.1,"Y144del,H146Q,N148T,G252V"
750,FW.1.1.1,"Y144del,H146Q,N148T,G252V"
751,FY.1.2,"Y144del,H146Q,G252V"
752,FY.1.2.1,"Y144del,H146Q,G252V"
753,FY.1.2.2,"Y144del,H146Q,G252V"
754,FY.1.2.3,"Y144del,H146Q,G252V"
755,FY.2,"Y144del,H146Q,G252V"
756,FY.3,"Y144del,H146Q,G252V"
757,FY.3.1,"Y144del,H146Q,G252V"
758,FY.3.2,"Y144del,H146Q,G252V"
759,FY.4.1,"Y144del,H146Q,G252V"
760,FY.4.1.2,"Y144del,H146Q,G252V"
761,FY.5.1,"Y144del,H146Q,G252V"
762,FY.5.1.1,"Y144del,H146Q,S247N,G252V"
763,FY.5.4,"Y144del,H146Q,G252V"
764,FY.5.5,"Y144del,H146Q,G252V"
765,FY.5.5.1,"Y144del,H146Q,G252V"
766,FY.8,"Y144del,H146Q,G252V"
767,FY.8.1,"Y144del,H146Q,N148T,G252V"
768,FY.8.1.1,"H146Q,G252V"
769,FY.9,"Y144del,H146Q,G252V"
770,FZ.1,"Y144del,H146Q"
771,FZ.1.1,"Y144del,H146Q,G252V"
772,GA.1,H146Q
773,GA.3,"Y144del,H146Q"
774,GA.4.1,"Y144del,H146Q,H245Y,G252V"
775,GA.4.1.2,"H146Q,H245Y,G252V"
776,GA.5,"Y144del,H146Q,G252V"
777,GA.6,"Y144del,H146Q,G252V"
778,GB.1,"Y144del,H146Q"
779,GB.2,"Y144del,H146Q,G252V"
780,GC.1,"Y144del,H146Q"
781,GD.1,"Y144del,H146Q,G252V"
782,GD.2,"Y144del,H146Q"
783,GE.1,"Y144del,H146Q,D253G"
784,GE.1.1,"Y144del,H146Q,D253G"
785,GE.1.2,"Y144del,H146Q,N148T,D253G"
786,GE.1.3,"Y144del,H146Q,D253G"
787,GE.1.4,"Y144del,H146Q,D253G"
788,GE.1.5,"Y144del,H146Q,D253G"
789,GE.1.6,"Y144del,H146Q,D253G"
790,GF.1,"H146Q,G252V"
791,GH.1,"Y144del,H146Q,D253G"
792,GJ.1.1,"Y144del,H146Q,D253G"
793,GJ.1.2,"Y144del,H146Q,D253G"
794,GJ.1.2.1,"Y144del,H146Q,D253G"
795,GJ.1.2.2,"Y144del,H146Q,D253G"
796,GJ.1.2.4,"Y144del,H146Q,D253G"
797,GJ.1.2.5,"Y144del,H146Q,D253G"
798,GJ.1.2.6,"Y144del,H146Q,D253G"
799,GJ.1.2.7,"Y144del,H146Q,D253G"
800,GJ.1.2.8,"Y144del,H146Q,D253G"
801,GJ.2,"Y144del,H146Q,D253G"
802,GJ.3,"Y144del,H146Q,D253G"
803,GJ.4,"Y144del,H146Q,D253G"
804,GJ.5,"Y144del,H146Q,D253G"
805,GJ.5.1,"Y144del,H146Q,D253G"
806,GJ.6,"Y144del,H146Q,D253G"
807,GK.1,"Y144del,H146Q,G252V"
808,GK.1.1,"Y144del,H146Q,G252V"
809,GK.1.1.1,"Y144del,H146Q,G252V"
810,GK.1.10,"Y144del,H146Q,G252V"
811,GK.1.3,"Y144del,H146Q,G252V"
812,GK.1.6,"Y144del,H146Q,G252V"
813,GK.1.6.1,"Y144del,H146Q,G252V"
814,GK.1.8,"Y144del,H146Q,G252V"
815,GK.2,"Y144del,H146Q,G252V"
816,GK.2.1,"Y144del,H146Q,G252V"
817,GK.2.1.1,"Y144del,H146Q"
818,GK.2.3,"Y144del,H146Q,G252V"
819,GK.4,"Y144del,H146Q,G252V"
820,GK.7,"Y144del,H146Q,G252V"
821,GK.8.1,"Y144del,H146Q,G252V"
822,GL.1,"Y144del,W152L,E156G,R158.0del,D253G"
823,GM.1,"Y144del,H146Q,D253G"
824,GM.3,"Y144del,H146Q,D253G"
825,GN.1,"Y144del,H146Q,G252V"
826,GN.1.3,"Y144del,H146Q,G252V"
827,GN.4,"Y144del,H146Q,G252V"
828,GP.1,"K147E,W152R"
829,GP.2,"K147E,W152R"
830,GP.3,"K147E,W152R"
831,GR.1,"Y144del,H146Q,G252V"
832,GS.1,"Y144del,H146Q,D253G"
833,GS.2,"Y144del,H146Q,D253G"
834,GS.3,"Y144del,H146Q,D253G"
835,GS.4,"Y144del,H146Q,D253G"
836,GS.4.1,"Y144del,H146Q,D253G"
837,GS.4.1.1,"Y144del,H146Q,D253G"
838,GS.5,"Y144del,H146Q,D253G"
839,GS.6,"Y144del,H146Q,D253G"
840,GS.7,"Y144del,H146Q,D253G"
841,GS.8,"Y144del,H146Q,D253G"
842,GV.1,"Y144del,H146Q,G252V"
843,GW.1,"Y144del,H146Q,G252V"
844,GW.2,"Y144del,H146Q,G252V"
845,GW.3,H146Q
846,GW.4,"Y144del,H146Q"
847,GW.5,"Y144del,H146Q,G252V"
848,GW.5.1,"Y144del,H146Q,G252V"
849,GW.5.1.1,"Y144del,H146Q,G252V"
850,GW.5.2,"Y144del,H146Q,G252V"
851,GW.5.3,"Y144del,H146Q,G252V"
852,GW.5.3.1,"Y144del,H146Q,G252V"
853,GY.1,"Y144del,H146Q,G252V"
854,GY.1.1,"H146Q,G252V"
855,GY.2.1,"Y144del,H146Q,G252V"
856,GY.5,"Y144del,H146Q,G252V"
857,GY.6,"Y144del,H146Q,G252V"
858,GY.7,"Y144del,H146Q,G252V"
859,GY.8,"Y144del,H146Q,G252V"
860,GY.9,"Y144del,H146Q,G252V"
861,GZ.1,"Y144del,H146Q,D253G"
862,HA.1,"Y144del,H146Q,G252V"
863,HA.2,"Y144del,H146Q,G252V"
864,HF.1,"Y144del,H146Q,G252V"
865,HF.1.1,"Y144del,H146Q,G252V"
866,HG.1,"Y144del,H146Q,D253G"
867,HG.2,"Y144del,H146Q,D253G"
868,HH.1,"Y144del,H146Q,D253G"
869,HH.1.1,"Y144del,H146Q,D253G"
870,HH.2,"Y144del,H146Q,D253G"
871,HH.2.1,"Y144del,H146Q,D253G"
872,HH.4,"Y144del,H146Q,D253G"
873,HH.5,"Y144del,H146Q,K147N,D253G"
874,HH.7,"Y144del,H146Q,D253G"
875,HH.8.1,"Y144del,H146Q,D253G"
876,HK.1,"Y144del,H146Q,G252V"
877,HK.1.2,"Y144del,H146Q,G252V"
878,HK.11,"Y144del,H146Q,G252V"
879,HK.11.1,"Y144del,H146Q,G252V"
880,HK.12,"H146N,H146Q,G252V"
881,HK.13,"Y144del,H146Q,G252V"
882,HK.13.1,"Y144del,H146Q,G252V"
883,HK.13.2,"H146Q,G252V"
884,HK.15,"Y144del,H146Q,G252V"
885,HK.16,"Y144del,H146Q,G252V"
886,HK.17,"Y144del,H146Q,G252V"
887,HK.19,"Y144del,H146Q,G252V"
888,HK.20.1,"Y144del,H146Q,G252V"
889,HK.21,"Y144del,H146Q,G252V"
890,HK.23,"Y144del,H146Q,G252V"
891,HK.24.1,"Y144del,H146Q,G252V"
892,HK.26,"Y144del,H146Q,G252V"
893,HK.27,"Y144del,H146Q,G252V"
894,HK.27.1,"Y144del,H146Q,G252V"
895,HK.28,"Y144del,H146Q,G252V"
896,HK.29,"Y144del,H146Q,G252V"
897,HK.3,"Y144del,H146Q,G252V"
898,HK.3.1,"Y144del,H146Q,G252V"
899,HK.3.14,"Y144del,H146Q,G252V"
900,HK.3.2,"Q14K,Y144del,H146Q,G252V"
901,HK.3.2.1,"Q14K,Y144del,H146Q,G252V"
902,HK.3.2.2,"Q14K,Y144del,H146Q,G252V"
903,HK.3.4,"Y144del,H146Q,G252V"
904,HK.3.5,"Y144del,H146Q,G252V"
905,HK.3.6,"Y144del,H146Q,G252V"
906,HK.30,"Y144del,H146Q,G252V"
907,HK.31,"Y144del,H146Q,G252V"
908,HK.32,"Q14R,Y144del,H146Q,G252V"
909,HK.6,"Y144del,H146Q,G252V,D253G"
910,HK.7,"Y144del,H146Q,N148T,G252V"
911,HK.8,"Y144del,H146Q"
912,HK.9,"Y144del,H146Q,G252V"
913,HN.1,"Y144del,H146Q,G252V"
914,HN.2,"Y144del,H146Q,G252V"
915,HN.2.1,"Y144del,H146Q,G252V"
916,HN.4,"Y144del,H146Q,G252V"
917,HN.5,"Y144del,H146Q,G252V"
918,HN.6,"Y144del,H146Q,G252V"
919,HR.1.1,"Y144del,H146N,H146Q,G252V"
920,HS.1,"Y144del,H146Q,G252V"
921,HT.2,"Y144del,H146Q,G252V"
922,HU.1.1,"Y144del,H146Q,G252V"
923,HV.1,"Y144del,H146Q,G252V"
924,HV.1.1,"Y144del,H146Q,G252V"
925,HV.1.2,"Y144del,H146Q,G252V"
926,HV.1.4,"Y144del,H146Q,G252V"
927,HV.1.6,"Y144del,H146Q,G252V"
928,HV.2,"H146Q,G252V"
929,HW.1.1,"Y144del,E156G,R158.0del"
930,HY.1,"Y144del,H146Q,G252V"
931,HZ.1,"Y144del,H146Q,G252V"
932,HZ.2,"Y144del,H146Q"
933,JA.1,"Y144del,H146Q,D253G"
934,JC.1,"Y144del,H146Q,G252V"
935,JC.2,"Y144del,H146Q,G252V"
936,JC.3,"Y144del,H146Q,G252V"
937,JC.5,"Y144del,H146Q,G252V"
938,JC.5.1,"Y144del,H146Q,G252V"
939,JD.1.1,"Y144del,H146Q,G252V"
940,JD.1.1.1,"Y144del,H146Q,Y248H,G252V"
941,JD.1.1.2,"Y144del,H146Q,G252V"
942,JD.1.1.3,"Y144del,H146Q,G252V"
943,JD.1.1.7,"Y144del,H146Q,G252V"
944,JD.1.1.8,"Y144del,H146Q,G252V"
945,JE.1,"Y144del,H146Q,D253G"
946,JE.1.1,"Y144del,H146Q,D253G"
947,JE.1.1.1,"Y144del,H146Q,D253G"
948,JF.1,"Y144del,H146Q,G252V"
949,JF.1.1,"Y144del,H146Q,G252V"
950,JF.2,"Y144del,H146Q,G252V"
951,JF.4,"Y144del,H146Q,G252V"
952,JG.1,"Y144del,H146Q,G252V"
953,JG.2,"Y144del,H146Q,G252V"
954,JG.3,"Y144del,H146Q,G252V"
955,JG.3.1,"Y144del,H146Q,G252V"
956,JG.3.2,"Y144del,H146Q,G252V"
957,JG.4,"Y144del,H146Q,G252V"
958,JH.1,"K147E,P251L"
959,JJ.1,"Y144del,H146Q,G252V"
960,JM.1,"Y144del,H146Q,K147N,G252V"
961,JM.2,"Y144del,H146Q,K147N,G252V"
962,JN.1,"Y144del,R158.0G,H245N"
963,JN.1.1,"Y144del,R158.0G,H245N"
964,JN.1.1.1,"Y144del,R158.0G,H245N"
965,JN.1.1.10,"Y144del,R158.0G,H245N"
966,JN.1.1.2,"Y144del,R158.0G,H245N"
967,JN.1.1.3,"Y144del,R158.0G,H245N"
968,JN.1.1.4,"Y144del,R158.0G,H245N"
969,JN.1.1.5,"Y144del,R158.0G,H245N"
970,JN.1.1.6,"Y144del,R158.0G,H245N"
971,JN.1.1.7,"Y144del,R158.0G,H245N"
972,JN.1.1.8,"Y144del,R158.0G,H245N"
973,JN.1.10,"Y144del,R158.0G,H245N"
974,JN.1.11,"Y144del,R158.0G,H245N"
975,JN.1.11.1,"Y144del,R158.0G,H245N"
976,JN.1.13,"Y144del,R158.0G,H245N"
977,JN.1.13.1,"Y144del,R158.0G,H245N"
978,JN.1.14,"Y144del,R158.0G,H245N"
979,JN.1.15,"Y144del,R158.0G,H245N"
980,JN.1.16,"Y144del,R158.0G,H245N"
981,JN.1.16.1,"Y144del,R158.0G,H245N"
982,JN.1.16.2,"Y144del,R158.0G,H245N"
983,JN.1.16.3,"Y144del,R158.0G,H245N"
984,JN.1.17,"Y144del,R158.0G,H245N"
985,JN.1.18,"Y144del,R158.0G,H245N"
986,JN.1.18.1,"Y144del,R158.0G,H245N,T250N"
987,JN.1.18.2,"Y144del,R158.0G,H245N"
988,JN.1.18.3,"Y144del,R158.0G,H245N"
989,JN.1.18.4,"Y144del,R158.0G,H245N"
990,JN.1.18.5,"Y144del,R158.0G,H245N"
991,JN.1.18.6,"Y144del,R158.0G,H245N"
992,JN.1.19,"Y144del,R158.0G,H245N"
993,JN.1.2,"Y144del,R158.0G,H245N"
994,JN.1.2.1,"Y144del,R158.0G,H245N"
995,JN.1.20,"Y144del,R158.0G,H245N"
996,JN.1.21,"Y144del,R158.0G,H245N"
997,JN.1.22,"Y144del,R158.0G,H245N"
998,JN.1.23,"Y144del,R158.0G,H245N"
999,JN.1.23.1,"Y144del,R158.0G,H245N"
1000,JN.1.24,"Y144del,R158.0G,H245N"
1001,JN.1.24.1,"Y144del,R158.0G,H245N"
1002,JN.1.25.1,"Y144del,R158.0G,H245N"
1003,JN.1.26,"Y144del,R158.0G,H245N"
1004,JN.1.27,"Y144del,R158.0G,H245N"
1005,JN.1.28,"Y144del,R158.0G,H245N"
1006,JN.1.28.1,"Y144del,R158.0G,H245N"
1007,JN.1.29,"Y144del,R158.0G,H245N"
1008,JN.1.29.1,"Y144del,R158.0G,H245N"
1009,JN.1.3,"Y144del,R158.0G,H245N"
1010,JN.1.30,"Y144del,R158.0G,H245N"
1011,JN.1.30.1,"Y144del,R158.0G,H245N"
1012,JN.1.31,"Y144del,R158.0G,H245N"
1013,JN.1.32,"Y144del,R158.0G,H245N"
1014,JN.1.32.1,"Y144del,R158.0G"
1015,JN.1.34,"Y144del,R158.0G,H245N"
1016,JN.1.37,"Y144del,R158.0G,H245N"
1017,JN.1.38,"Y144del,R158.0G,H245N"
1018,JN.1.39,"Y144del,R158.0G,H245N"
1019,JN.1.39.1,"Y144del,R158.0G,H245N"
1020,JN.1.39.2,"Y144del,R158.0G,H245N"
1021,JN.1.39.3,"Y144del,R158.0G,H245N"
1022,JN.1.4,"Y144del,R158.0G,H245N"
1023,JN.1.4.1,"Y144del,R158.0G,H245N"
1024,JN.1.4.2,"Y144del,R158.0G,H245N"
1025,JN.1.4.3,"Y144del,R158.0G,H245N"
1026,JN.1.4.4,"Y144del,R158.0G,H245N"
1027,JN.1.4.5,"Y144del,R158.0G,H245N"
1028,JN.1.4.6,"Y144del,R158.0G,H245N"
1029,JN.1.4.7,"Y144del,R158.0G,H245N"
1030,JN.1.4.8,"Y144del,R158.0G,H245N"
1031,JN.1.40,"Y144del,R158.0G,H245N"
1032,JN.1.41,"Y144del,R158.0G,H245N"
1033,JN.1.42,"Y144del,R158.0G,H245N"
1034,JN.1.43,"Y144del,R158.0G,H245N"
1035,JN.1.43.1,"Y144del,R158.0G,H245N"
1036,JN.1.44,"Y144del,R158.0G,H245N"
1037,JN.1.45,"Y144del,R158.0G,H245N"
1038,JN.1.46,"Y144del,R158.0G,H245N"
1039,JN.1.47,"Y144del,R158.0G,H245N"
1040,JN.1.47.1,"Y144del,R158.0G,H245N"
1041,JN.1.47.2,"Y144del,R158.0G,H245N"
1042,JN.1.48,"Y144del,R158.0G,H245N"
1043,JN.1.48.1,"Y144del,R158.0G,H245N"
1044,JN.1.48.3,"Y144del,R158.0G,H245N"
1045,JN.1.49,"Y144del,R158.0G,H245N"
1046,JN.1.49.1,"Y144del,R158.0G,H245N"
1047,JN.1.5,"Y144del,R158.0G,H245N"
1048,JN.1.50,"Y144del,R158.0G,H245N,L249F"
1049,JN.1.50.1,"Y144del,R158.0G,H245N,L249F"
1050,JN.1.50.2,"Y144del,R158.0G,H245N,L249F"
1051,JN.1.51,"Y144del,R158.0G,H245N"
1052,JN.1.51.1,"Y144del,R158.0G,H245N"
1053,JN.1.52,"Y144del,R158.0G,H245N"
1054,JN.1.53,"Y144del,R158.0G,H245N"
1055,JN.1.53.1,"Y144del,R158.0G,H245N"
1056,JN.1.54,"Y144del,R158.0G,H245N"
1057,JN.1.55,"Y144del,R158.0G,H245N"
1058,JN.1.55.1,"R158.0G,H245N"
1059,JN.1.56,"Y144del,R158.0G,H245N"
1060,JN.1.58,"Y144del,R158.0G,H245N"
1061,JN.1.58.1,"Y144del,R158.0G,H245N"
1062,JN.1.58.2,"Y144del,R158.0G,H245N"
1063,JN.1.59,"Y144del,R158.0G,H245N"
1064,JN.1.6,"Y144del,R158.0G,H245N"
1065,JN.1.6.1,"Y144del,R158.0G,H245N"
1066,JN.1.60,"Y144del,R158.0G,H245N"
1067,JN.1.61,"Y144del,R158.0G,H245N"
1068,JN.1.63,"Y144del,R158.0G,H245N"
1069,JN.1.63.1,"Y144del,R158.0G,H245N"
1070,JN.1.64,"Y144del,R158.0G,H245N"
1071,JN.1.64.1,"Y144del,R158.0G,H245N"
1072,JN.1.65,"Y144del,R158.0G,H245N"
1073,JN.1.65.1,"Y144del,R158.0G,H245N"
1074,JN.1.7,"Y144del,R158.0G,H245N"
1075,JN.1.7.1,"Y144del,R158.0G,H245N"
1076,JN.1.7.2,"Y144del,R158.0G,H245N"
1077,JN.1.7.3,"Y144del,R158.0G,H245N"
1078,JN.1.7.4,"Y144del,R158.0G,H245N"
1079,JN.1.7.5,"Y144del,R158.0G,H245N"
1080,JN.1.7.6,"Y144del,R158.0G,H245N"
1081,JN.1.7.7,"Y144del,R158.0G,H245N"
1082,JN.1.7.8,"Y144del,R158.0G,H245N"
1083,JN.1.7.9,"Y144del,R158.0G,H245N"
1084,JN.1.8,"Y144del,R158.0G,H245N"
1085,JN.1.8.1,"Y144del,R158.0G,H245N"
1086,JN.1.8.2,"Y144del,R158.0G,H245N"
1087,JN.1.8.3,"Y144del,R158.0G,H245N"
1088,JN.1.8.4,"Y144del,R158.0G,H245N"
1089,JN.1.9,"Y144del,R158.0G,H245N"
1090,JN.1.9.1,"Y144del,R158.0G,H245N"
1091,JN.1.9.2,"Y144del,R158.0G,H245N"
1092,JN.10,"Y144del,R158.0G,H245N"
1093,JN.11,"Y144del,R158.0G,H245N"
1094,JN.13,"Y144del,R158.0G,H245N"
1095,JN.13.1,"Y144del,R158.0G,H245N"
1096,JN.15,"Y144del,R158.0G,H245N"
1097,JN.16,"Y144del,R158.0G,H245N"
1098,JN.18,"Y144del,R158.0G,H245N"
1099,JN.2,"Y144del,R158.0G,H245N"
1100,JN.2.1,"Y144del,R158.0G,H245N"
1101,JN.2.2,"Y144del,R158.0G,H245N"
1102,JN.2.3,"Y144del,R158.0G,H245N"
1103,JN.2.5,"Y144del,R158.0G,H245N"
1104,JN.3,"Y144del,R158.0G,H245N"
1105,JN.3.2,"Y144del,R158.0G,H245N"
1106,JN.3.3,"Y144del,R158.0G,H245N"
1107,JN.4,"Y144del,R158.0G,H245N"
1108,JN.5,"Y144del,R158.0G,H245N"
1109,JN.5.1,"Y144del,R158.0G,H245N"
1110,JN.6,"Y144del,R158.0G,H245N"
1111,JN.7,"Y144del,R158.0G,H245N"
1112,JN.9,"Y144del,R158.0G,H245N"
1113,JP.1.1,"K147E,W152R"
1114,JQ.1,"Y144del,R158.0G,H245N"
1115,JQ.2.1,"R158.0G,H245N"
1116,JR.1.1,"Y144del,H146Q,G252V"
1117,JS.1,"Y144del,H146Q,D253G,S256T"
1118,JS.2,"Y144del,H146Q,D253G"
1119,JU.1,"H146Q,N148T,D253G"
1120,JV.2,"K147E,W152R"
1121,JY.1,"Y144del,H146Q,D253G"
1122,JY.1.1,"Y144del,H146Q,D253G"
1123,KA.1,"Y144del,H146Q,G252V"
1124,KB.1,"Y144del,H146Q,G252V"
1125,KB.2,"Y144del,H146Q,G252V"
1126,KB.4,"Y144del,H146Q,G252V"
1127,KC.1,"Y144del,H146Q,G252V"
1128,KC.1.1,"Y144del,H146Q,G252V"
1129,KE.1,"Y144del,H146Q,G252V"
1130,KE.2,"Y144del,H146Q,G252V"
1131,KE.3,"Y144del,H146Q,G252V"
1132,KH.1,"Y144del,H146Q,D253G"
1133,KK.1,"Y144del,H146Q,G252V"
1134,KP.1,"Y144del,R158.0G,H245N"
1135,KP.1.1,"Y144del,R158.0G,H245N"
1136,KP.1.1.1,"Y144del,R158.0G,H245N"
1137,KP.1.1.2,"Y144del,R158.0G,H245N"
1138,KP.1.1.3,"Y144del,R158.0G,H245N"
1139,KP.1.1.5,"Y144del,R158.0G,H245N"
1140,KP.1.2,"Y144del,R158.0G,H245N"
1141,KP.2,"Y144del,R158.0G,H245N"
1142,KP.2.1,"Y144del,R158.0G,H245N"
1143,KP.2.10,"Y144del,R158.0G,H245N"
1144,KP.2.11,"Y144del,R158.0G,H245N"
1145,KP.2.14,"Y144del,R158.0G,H245N"
1146,KP.2.15,"Y144del,R158.0G,H245N"
1147,KP.2.16,"Y144del,R158.0G,H245N"
1148,KP.2.2,"Y144del,R158.0G,H245N"
1149,KP.2.3,"Y144del,H146Q,R158.0G,H245N"
1150,KP.2.3.1,"Y144del,H146Q,R158.0G,H245N"
1151,KP.2.3.3,"Y144del,H146Q,R158.0G,H245N"
1152,KP.2.3.4,"Y144del,H146Q,R158.0G,H245N"
1153,KP.2.4,"Y144del,R158.0G,H245N,T250N"
1154,KP.2.5,"Y144del,R158.0G,H245N"
1155,KP.2.6,"Y144del,R158.0G,H245N"
1156,KP.2.7,"Y144del,R158.0G,H245N"
1157,KP.2.8,"Y144del,R158.0G,H245N"
1158,KP.2.9,"Y144del,R158.0G,H245N"
1159,KP.3,"Y144del,R158.0G,H245N"
1160,KP.3.1,"Y144del,R158.0G,H245N"
1161,KP.3.1.1,"Y144del,R158.0G,H245N"
1162,KP.3.1.2,"Y144del,R158.0G,H245N"
1163,KP.3.1.3,"Y144del,R158.0G,H245N"
1164,KP.3.1.4,"Y144del,R158.0G,H245N"
1165,KP.3.1.5,"Y144del,R158.0G,H245N"
1166,KP.3.1.6,"Y144del,R158.0G,H245N"
1167,KP.3.2,"Y144del,R158.0G,H245N"
1168,KP.3.2.1,"Y144del,R158.0G,H245N"
1169,KP.3.2.2,"Y144del,R158.0G,H245N"
1170,KP.3.2.3,"Y144del,R158.0G,H245N"
1171,KP.3.2.4,"Y144del,R158.0G,H245N"
1172,KP.3.2.5,"Y144del,R158.0G,H245N"
1173,KP.3.3,"Y144del,R158.0G,H245N"
1174,KP.3.3.1,"Y144del,R158.0G,H245N"
1175,KP.3.3.2,"Y144del,R158.0G,H245N"
1176,KP.3.3.3,"Y144del,R158.0G,H245N"
1177,KP.3.4,"Y144del,R158.0G,H245N"
1178,KP.3.5,"Y144del,R158.0G,H245N"
1179,KP.4,"Y144del,R158.0G,H245N"
1180,KP.4.1,"Y144del,R158.0G,H245N"
1181,KP.4.1.1,"Y144del,R158.0G,H245N"
1182,KP.4.1.2,"Y144del,R158.0G,H245N"
1183,KP.4.1.3,"Y144del,R158.0G,H245N"
1184,KP.4.2,"Y144del,R158.0G,H245N"
1185,KP.4.2.1,"Y144del,R158.0G,H245N"
1186,KP.4.2.2,"Y144del,R158.0G,H245N"
1187,KP.5,"Y144del,R158.0G,H245N"
1188,KQ.1,"Y144del,R158.0G,H245N"
1189,KR.1,"Y144del,R158.0G,H245N"
1190,KR.1.1,"Y144del,R158.0G,H245N"
1191,KS.1,"Y144del,R158.0G,H245N"
1192,KS.1.1,"Y144del,R158.0G,H245N"
1193,KS.1.3,"Y144del,R158.0G,H245N"
1194,KT.1,"Y144del,H146Q,N148T,D253G"
1195,KT.1.2,"Y144del,H146Q,N148T,D253G"
1196,KU.2,"Y144del,R158.0G,H245N"
1197,KV.2,"Y144del,R158.0G,H245N"
1198,KW.1,"Y144del,R158.0G,H245N"
1199,KW.1.1,"Y144del,R158.0G,H245N"
1200,KY.1,"Y144del,R158.0G,H245N"
1201,KZ.1.1,"Y144del,R158.0G,H245N"
1202,LA.1,"Y144del,R158.0G,H245N"
1203,LA.2,"Y144del,R158.0G,H245N"
1204,LB.1,"Y144del,R158.0G,H245N"
1205,LB.1.1,"Y144del,R158.0G,H245N"
1206,LB.1.2,"Y144del,R158.0G,H245N"
1207,LB.1.2.1,"Y144del,R158.0G,H245N"
1208,LB.1.3,"Y144del,R158.0G,H245N"
1209,LB.1.3.1,"Y144del,R158.0G,H245N"
1210,LB.1.3.2,"Y144del,R158.0G,H245N"
1211,LB.1.4,"Y144del,R158.0G,H245N"
1212,LB.1.4.1,"Y144del,R158.0G,H245N"
1213,LB.1.5,"Y144del,R158.0G,H245N"
1214,LB.1.7,"Y144del,R158.0G,H245N"
1215,LB.1.7.1,"Y144del,N148T,R158.0G,H245N"
1216,LB.1.7.2,"Y144del,R158.0G,H245N"
1217,LB.1.7.3,"Y144del,R158.0G,H245N"
1218,LB.1.8,"Y144del,R158.0G,H245N"
1219,LC.1,"Y144del,R158.0G,H245N"
1220,LD.1,"Y144del,R158.0G,H245N"
1221,LE.1,"Y144del,R158.0G,H245N"
1222,LE.1.1,"Y144del,R158.0G,H245N"
1223,LE.1.2,"Y144del,R158.0G,H245N"
1224,LF.1,"Y144del,R158.0G,H245N"
1225,LF.1.1,"Y144del,R158.0G,H245N"
1226,LF.1.1.1,"Y144del,R158.0G,H245N"
1227,LF.3.1.1,"Y144del,R158.0G,H245N"
1228,LF.4,"Y144del,R158.0G,H245N"
1229,LF.4.1,"Y144del,R158.0G,H245N"
1230,LF.5,"Y144del,R158.0G,H245N"
1231,LG.1,"Y144del,R158.0G,H245N"
1232,LJ.1,"Y144del,R158.0G,H245N"
1233,LL.1,"Y144del,R158.0G,H245N"
1234,LM.1,"Y144del,R158.0G,H245N"
1235,LP.1,"Y144del,R158.0G,H245N"
1236,LP.1.1,"Y144del,R158.0G,H245N"
1237,LP.2,"Y144del,R158.0G,H245N"
1238,LP.3,"Y144del,R158.0G,H245N"
1239,LQ.1,"Y144del,R158.0G,H245N,T250N"
1240,LQ.1.1,"Y144del,R158.0G,H245N,T250N"
1241,LR.1,"Y144del,R158.0G,H245N"
1242,LS.1,"Y144del,R158.0G,H245N"
1243,LT.1,"Y144del,R158.0G,H245N"
1244,LU.1,"Y144del,R158.0G,H245N"
1245,LU.2,"Y144del,R158.0G,H245N"
1246,LV.1,"Y144del,R158.0G,H245N"
1247,LW.1,"Y144del,R158.0G,H245N"
1248,LY.1,"Y144del,R158.0G,H245N"
1249,LZ.1,"Y144del,R158.0G,H245N"
1250,LZ.1.1,"Y144del,R158.0G,H245N"
1251,MA.1,"Y144del,R158.0G,H245N"
1252,MB.1.1,"Y144del,R158.0G,H245N"
1253,MC.1,"Y144del,R158.0G,H245N"
1254,MD.1.1,"Y144del,R158.0G,H245N"
1255,MD.2,"Y144del,R158.0G,H245N"
1256,MD.3.1,"Y144del,R158.0G,H245N"
1257,ME.1,"Y144del,R158.0G,H245N,L249F"
1258,MF.1,"Y144del,R158.0G,H245N"
1259,MF.2,"Y144del,R158.0G,H245N"
1260,MG.1,"Y144del,R158.0G,H245N"
1261,MH.1,"Y144del,R158.0G,H245N"
1262,MK.1,"Y144del,R158.0G,H245N"
1263,MK.2,"Y144del,R158.0G,H245N"
1264,ML.2,"Y144del,R158.0G,H245N"
1265,MM.1,"Y144del,R158.0G,H245N"
1266,MN.1,"Y144del,R158.0G,H245N"
1267,Q.1,Y144del
1268,Q.3,Y144del
1269,Q.4,Y144del
1270,R.1,W152L
1271,XA,Y144del
1272,XAY.1,"W152L,E156G,R158.0del,D253G"
1273,XB,R158S
1274,XBB,"Y144del,H146Q"
1275,XBB.1,"Y144del,H146Q,G252V"
1276,XBB.1.1,"Y144del,H146Q"
1277,XBB.1.10,"Y144del,H146Q,G252V"
1278,XBB.1.11.1,"Y144del,H146Q,G252V"
1279,XBB.1.13,"Y144del,H146Q"
1280,XBB.1.13.1,"Y144del,H146Q,G252V"
1281,XBB.1.15,"Y144del,H146Q,G252V"
1282,XBB.1.16,"Y144del,H146Q,G252V"
1283,XBB.1.16.1,"Y144del,H146Q,G252V"
1284,XBB.1.16.10,"H146Q,G252V"
1285,XBB.1.16.11,"Y144del,H146Q,G252V"
1286,XBB.1.16.12,"Y144del,H146Q,G252V"
1287,XBB.1.16.13,"Y144del,H146Q,G252V"
1288,XBB.1.16.14,"Y144del,H146Q,G252V"
1289,XBB.1.16.15,"Y144del,H146Q,K147N,G252V"
1290,XBB.1.16.16,"Y144del,H146Q,G252V"
1291,XBB.1.16.17,"Y144del,H146Q,G252V"
1292,XBB.1.16.18,"Y144del,H146Q,G252V"
1293,XBB.1.16.19,"Y144del,H146Q,G252V"
1294,XBB.1.16.2,"Y144del,H146Q,G252V"
1295,XBB.1.16.20,"Y144del,H146Q,G252V"
1296,XBB.1.16.21,"Y144del,H146Q,G252V"
1297,XBB.1.16.22,"Y144del,H146Q,G252V"
1298,XBB.1.16.23,"Y144del,H146Q,G252V"
1299,XBB.1.16.24,"Y144del,H146Q,G252V"
1300,XBB.1.16.27,"Y144del,H146Q,G252V"
1301,XBB.1.16.29,"Y144del,H146Q,G252V"
1302,XBB.1.16.3,"Y144del,H146Q,G252V"
1303,XBB.1.16.30,"Y144del,H146Q,G252V"
1304,XBB.1.16.31,"Y144del,H146Q,G252V"
1305,XBB.1.16.32,"Y144del,H146Q,G252V"
1306,XBB.1.16.5,"Y144del,H146Q,G252V"
1307,XBB.1.16.6,"Y144del,H146Q,G252V"
1308,XBB.1.16.7,"Y144del,H146Q,G252V"
1309,XBB.1.16.8,"Y144del,H146Q,G252V"
1310,XBB.1.16.9,"Y144del,H146Q,G252V"
1311,XBB.1.17.1,"Y144del,H146Q"
1312,XBB.1.18,"Y144del,H146Q,G252V"
1313,XBB.1.18.1,"Y144del,H146Q"
1314,XBB.1.19,"Y144del,H146Q"
1315,XBB.1.19.1,"Y144del,H146Q,G252V"
1316,XBB.1.19.2,"Y144del,H146Q,G252V"
1317,XBB.1.22,"Y144del,H146Q,G252V"
1318,XBB.1.22.1,"Y144del,H146Q,G252V"
1319,XBB.1.22.2,H146Q
1320,XBB.1.24.1,"Y144del,H146Q,G252V"
1321,XBB.1.29,"Y144del,H146Q"
1322,XBB.1.3,"Y144del,H146Q,G252V"
1323,XBB.1.33,"Y144del,H146Q,G252V"
1324,XBB.1.34,"Y144del,H146Q"
1325,XBB.1.34.1,"Y144del,H146Q,G252V"
1326,XBB.1.35,H146Q
1327,XBB.1.37.1,"Q14H,Y144del,H146Q,G252V"
1328,XBB.1.4.1,H146Q
1329,XBB.1.41.1,"Y144del,H146Q,G252V"
1330,XBB.1.41.2,"Y144del,H146Q,G252V"
1331,XBB.1.41.3,"Y144del,H146Q,G252V"
1332,XBB.1.42,"Y144del,H146Q,G252V"
1333,XBB.1.42.1,"Y144del,H146Q,G252V"
1334,XBB.1.42.2,"Y144del,H146Q,G252V"
1335,XBB.1.43.1,"Y144del,H146Q,G252V"
1336,XBB.1.5,"Y144del,H146Q"
1337,XBB.1.5.1,"Y144del,H146Q"
1338,XBB.1.5.10,"Y144del,H146Q,G252V"
1339,XBB.1.5.100,"Y144del,H146Q,G252V"
1340,XBB.1.5.104,"Y144del,H146Q"
1341,XBB.1.5.105,"Y144del,H146Q,G252V"
1342,XBB.1.5.107,"Y144del,H146Q,G252V"
1343,XBB.1.5.108,"H146Q,G252V"
1344,XBB.1.5.109,"Y144del,H146Q,G252V"
1345,XBB.1.5.11,"Y144del,H146Q"
1346,XBB.1.5.12,"Y144del,H146Q"
1347,XBB.1.5.13,"Y144del,H146Q"
1348,XBB.1.5.14,"Y144del,H146Q"
1349,XBB.1.5.15,"Y144del,H146Q"
1350,XBB.1.5.16,"Y144del,H146Q"
1351,XBB.1.5.17,"Y144del,H146Q"
1352,XBB.1.5.18,"Y144del,H146Q"
1353,XBB.1.5.19,"Y144del,H146Q"
1354,XBB.1.5.2,"Y144del,H146Q,G252V"
1355,XBB.1.5.20,"Y144del,H146Q"
1356,XBB.1.5.21,"Y144del,H146Q"
1357,XBB.1.5.23,"Y144del,H146Q,G252V"
1358,XBB.1.5.24,"Y144del,H146Q"
1359,XBB.1.5.25,H146Q
1360,XBB.1.5.28,"Y144del,H146Q,G252V"
1361,XBB.1.5.3,"Y144del,H146Q"
1362,XBB.1.5.30,"Y144del,H146Q"
1363,XBB.1.5.31,"Y144del,H146Q,G252V"
1364,XBB.1.5.32,"Y144del,H146Q,G252V"
1365,XBB.1.5.33,"Y144del,H146Q"
1366,XBB.1.5.35,"Y144del,H146Q,G252V"
1367,XBB.1.5.36,"Y144del,H146Q"
1368,XBB.1.5.37,"Y144del,H146Q"
1369,XBB.1.5.38,"Y144del,H146Q"
1370,XBB.1.5.39,"Y144del,H146Q"
1371,XBB.1.5.4,"Y144del,H146Q"
1372,XBB.1.5.40,"Y144del,H146Q"
1373,XBB.1.5.43,H146Q
1374,XBB.1.5.46,"Y144del,H146Q"
1375,XBB.1.5.47,"Y144del,H146Q"
1376,XBB.1.5.48,"Y144del,H146Q"
1377,XBB.1.5.49,"Y144del,H146Q,G252V"
1378,XBB.1.5.5,H146Q
1379,XBB.1.5.50,"Y144del,H146Q,G252V"
1380,XBB.1.5.51,"Y144del,H146Q"
1381,XBB.1.5.52,"Y144del,H146Q"
1382,XBB.1.5.55,"H146N,H146Q"
1383,XBB.1.5.56,"Y144del,H146Q"
1384,XBB.1.5.57,"Y144del,H146Q"
1385,XBB.1.5.59,"Y144del,H146Q,G252V"
1386,XBB.1.5.6,"Y144del,H146Q"
1387,XBB.1.5.60,"H146N,H146Q"
1388,XBB.1.5.61,"Y144del,H146Q"
1389,XBB.1.5.62,"Y144del,H146Q"
1390,XBB.1.5.63,"Y144del,H146Q"
1391,XBB.1.5.64,H146Q
1392,XBB.1.5.65,"Y144del,H146Q"
1393,XBB.1.5.66,"Y144del,H146Q,G252V"
1394,XBB.1.5.67,"Y144del,H146Q"
1395,XBB.1.5.68,"Y144del,H146Q,G252V"
1396,XBB.1.5.7,"Y144del,H146Q"
1397,XBB.1.5.70,"Y144del,H146Q,G252V"
1398,XBB.1.5.71,"Y144del,H146Q,G252V"
1399,XBB.1.5.72,"Y144del,H146Q,G252V"
1400,XBB.1.5.73,"Y144del,H146Q,G252V"
1401,XBB.1.5.76,"Y144del,H146Q,G252V"
1402,XBB.1.5.77,"Y144del,H146Q"
1403,XBB.1.5.79,H146Q
1404,XBB.1.5.8,"Y144del,H146Q"
1405,XBB.1.5.80,H146Q
1406,XBB.1.5.85,"Y144del,H146Q,G252V"
1407,XBB.1.5.86,"Y144del,H146Q,G252V"
1408,XBB.1.5.88,"Y144del,H146Q"
1409,XBB.1.5.89,"Y144del,H146Q,G252V"
1410,XBB.1.5.9,H146Q
1411,XBB.1.5.90,H146Q
1412,XBB.1.5.91,"Y144del,H146Q,G252V"
1413,XBB.1.5.92,"Y144del,H146Q,G252V"
1414,XBB.1.5.94,H146Q
1415,XBB.1.5.95,"Y144del,H146Q"
1416,XBB.1.5.96,"Y144del,H146Q"
1417,XBB.1.5.97,"Y144del,H146Q"
1418,XBB.1.5.98,"Y144del,H146Q,G252V"
1419,XBB.1.5.99,"Y144del,H146Q,G252V"
1420,XBB.1.9,"Y144del,H146Q"
1421,XBB.1.9.1,"Y144del,H146Q"
1422,XBB.1.9.2,"Y144del,H146Q"
1423,XBB.1.9.3,"Y144del,H146Q,G252V"
1424,XBB.1.9.4,"Y144del,H146Q"
1425,XBB.2,"Y144del,H146Q,D253G"
1426,XBB.2.10,"Y144del,H146Q"
1427,XBB.2.11,"Y144del,H146Q"
1428,XBB.2.11.1,"Y144del,H146Q"
1429,XBB.2.3,"Y144del,H146Q,D253G"
1430,XBB.2.3.1,"Y144del,H146Q"
1431,XBB.2.3.10,"Y144del,H146Q,D253G"
1432,XBB.2.3.11,"Y144del,H146Q,D253G"
1433,XBB.2.3.12,"Y144del,H146Q,D253G"
1434,XBB.2.3.13,"Y144del,H146Q,D253G"
1435,XBB.2.3.14,"Y144del,H146Q,D253G"
1436,XBB.2.3.15,"Y144del,H146Q,D253G"
1437,XBB.2.3.16,"Y144del,H146Q,D253G"
1438,XBB.2.3.17,"Y144del,H146Q,D253G"
1439,XBB.2.3.18,"Y144del,H146Q,D253G"
1440,XBB.2.3.19,"Y144del,H146Q,D253G"
1441,XBB.2.3.2,"Y144del,H146Q,D253G"
1442,XBB.2.3.20,"Y144del,H146Q,D253G"
1443,XBB.2.3.21,"Y144del,H146Q,D253G"
1444,XBB.2.3.3,"Y144del,H146Q,D253G"
1445,XBB.2.3.4,"Y144del,H146Q,D253G"
1446,XBB.2.3.5,"Y144del,H146Q,D253G"
1447,XBB.2.3.6,"Y144del,H146Q,D253G"
1448,XBB.2.3.7,"Y144del,H146Q,D253G"
1449,XBB.2.3.8,"Y144del,H146Q,D253G"
1450,XBB.2.3.9,"Y144del,H146Q,D253G"
1451,XBB.2.4,"Y144del,H146Q"
1452,XBB.2.5,"Y144del,H146Q,D253G"
1453,XBB.2.6,"Y144del,H146Q,D253G"
1454,XBB.2.6.2,"Y144del,H146Q,D253G"
1455,XBB.2.7,"Y144del,H146Q,D253G"
1456,XBB.2.8,"Y144del,H146Q,D253G"
1457,XBB.3,"Y144del,H146Q"
1458,XBB.3.1,"Y144del,H146Q"
1459,XBB.3.2,"Y144del,H146Q"
1460,XBB.3.3,"Y144del,H146Q"
1461,XBB.3.4,"Y144del,H146Q"
1462,XBB.4,"Y144del,H146Q"
1463,XBB.4.1,"Y144del,H146Q"
1464,XBB.5,H146Q
1465,XBB.6,"Y144del,H146Q"
1466,XBB.6.1,"Y144del,H146Q"
1467,XBB.8,"Y144del,H146Q"
1468,XBB.9,"Y144del,H146Q"
1469,XBC.1,S256L
1470,XBC.1.3.1,"Y144del,E156G,R158.0del,S256L"
1471,XBD,"K147E,W152R"
1472,XBF,"K147E,W152R"
1473,XBF.1,"K147E,W152R"
1474,XBF.1.1,"K147E,W152R"
1475,XBF.2,"K147E,W152R"
1476,XBF.3,"K147E,W152R"
1477,XBF.4,"K147E,W152R"
1478,XBF.5,"K147E,W152R"
1479,XBF.6,"K147E,W152R"
1480,XBF.7,"K147E,W152R"
1481,XBF.7.1,"K147E,W152R"
1482,XBF.9,"K147E,W152R"
1483,XBG,Y248N
1484,XBJ,H245N
1485,XBJ.2,H245N
1486,XBK,"K147E,W152R"
1487,XBK.1,"K147E,W152R"
1488,XBL.3,"Y144del,H146Q,G252V"
1489,XBM,Y248N
1490,XBN,"Y144del,H146Q"
1491,XBP,"K147E,W152R"
1492,XBQ,"K147E,W152R"
1493,XBR,"K147E,W152R"
1494,XBS,"K147E,W152R"
1495,XBT,"K147E,W152R"
1496,XBU,"K147E,W152R"
1497,XCA,"K147E,W152R"
1498,XCF,"Y144del,H146Q,G252V"
1499,XCF.3,"Y144del,H146Q,G252V"
1500,XCH,"Y144del,H146Q,G252V"
1501,XCH.1,"Y144del,H146Q,G252V"
1502,XCL,"Y144del,H146Q,G252V"
1503,XCM,"Y144del,H146Q"
1504,XCP,"Y144del,H146Q,G252V"
1505,XCR,"Y144del,H146Q,G252V"
1506,XCT.1,"K147E,W152R"
1507,XCZ,"Y144del,H146Q,G252V"
1508,XD,"E156G,R158.0del"
1509,XDA,"Y144del,H146Q,G252V"
1510,XDA.1,"Y144del,H146Q,G252V"
1511,XDB,"Y144del,H146Q,G252V"
1512,XDD,"Y144del,R158.0G,H245N"
1513,XDD.1,"Y144del,R158.0G,H245N"
1514,XDD.1.1,"Y144del,R158.0G,H245N"
1515,XDF,"Y144del,H146Q,G252V"
1516,XDK,"Y144del,R158.0G,H245N"
1517,XDK.1,"Y144del,R158.0G,H245N"
1518,XDK.1.2,"Y144del,R158.0G,H245N"
1519,XDK.2,"Y144del,R158.0G,H245N"
1520,XDK.3,"Y144del,R158.0G,H245N"
1521,XDK.4.1,"Y144del,R158.0G,H245N"
1522,XDK.5,"Y144del,R158.0G,H245N"
1523,XDK.6,"R158.0G,H245N"
1524,XDL,"Y144del,H146Q"
1525,XDM,"Y144del,H146Q,G252V"
1526,XDN,"Y144del,R158.0G,H245N"
1527,XDP,"Y144del,R158.0G,H245N"
1528,XDP.1,"R158.0G,H245N"
1529,XDQ.1,"Y144del,R158.0G,H245N"
1530,XDR,"Y144del,R158.0G,H245N"
1531,XDR.1,"Y144del,R158.0G,H245N"
1532,XDS,"Y144del,R158.0G,H245N"
1533,XDT,"Y144del,R158.0G,H245N"
1534,XDV,"Y144del,R158.0G,H245N"
1535,XDV.1,"Y144del,R158.0G,H245N"
1536,XDY,"Y144del,R158.0G,H245N"
1537,XF,"Y144.0del,Y145.0del"
1538,XP,"Y144.0del,Y145.0del"
1539,XS,"Y144.0del,Y145.0del"
